[
  {
    "side": "Server",
    "dependsOn": [{ "modid": "combatoverhaul" }],
    "file": "macronaria:entities/land/macronaria",
    "op": "add",
    "path": "/client/behaviors/-",
    "value": {
      "code": "CombatOverhaul:EntityColliders",
      "elements": {
        "Torso": ["Neck","Neck1","Neck2","Neck4","Neck5", "Body Front", "Body", "Body Back", "Tail", "Tail2","Cube7","Cube8","Cube9","Cube10","Cube11","Cube12",],
        "Head": ["Head", "Top Jaw","Top Jaw1","Top Jaw2", "Lower Jaw","Lower Jaw1","Lower Jaw2","Head10","Lower Jaw3"],
        "Arm": [],
        "Leg": ["Leg Front L","Leg Front R","Leg Back L","Leg Back R","Shin Front L","Shin Front R","Shin Back L","Shin Back R","Foot Front L","Foot Front R","Foot Back L","Foot Back R",],
        "Critical": ["Eye"],
        "Resistant": []
      }
    }
  },
  {
    "side": "Server",
    "dependsOn": [{ "modid": "combatoverhaul" }],
    "file": "macronaria:entities/land/macronaria",
    "op": "add",
    "path": "/server/behaviors/-",
    "value": {
      "code": "CombatOverhaul:EntityColliders",
      "elements": {
        "Torso": ["Neck","Neck1","Neck2","Neck4","Neck5", "Body Front", "Body", "Body Back", "Tail", "Tail2","Cube7","Cube8","Cube9","Cube10","Cube11","Cube12",],
        "Head": ["Head", "Top Jaw","Top Jaw1","Top Jaw2", "Lower Jaw","Lower Jaw1","Lower Jaw2","Head10","Lower Jaw3"],
        "Arm": [],
        "Leg": ["Leg Front L","Leg Front R","Leg Back L","Leg Back R","Shin Front L","Shin Front R","Shin Back L","Shin Back R","Foot Front L","Foot Front R","Foot Back L","Foot Back R",],
        "Critical": ["Eye"],
        "Resistant": []
      }
    }
  },
  {
    "side": "Server",
    "dependsOn": [{ "modid": "combatoverhaul" }],
    "file": "macronaria:entities/land/macronaria",
    "op": "add",
    "path": "/server/behaviors/-",
    "value": {
      "code": "CombatOverhaul:EntityDamageModel",
      "damageModel": {
        "TorsoDamageMultiplier": 1,
        "LimbsDamageMultiplier": 0.75,
        "HeadDamageMultiplier": 5,
        "CriticalDamageMultiplier": 25,
        "DefaultResists": {"BluntAttack": 10, "SlashingAttack": 7, "PiercingAttack": 1}
      }
    }
  },
  {
    "side": "Server",
    "dependsOn": [{ "modid": "combatoverhaul" }],
    "file": "macronaria:entities/land/macronaria",
    "op": "add",
    "path": "/client/behaviors/-",
    "value": {
      "code": "CombatOverhaul:EntityDamageModel",
      "damageModel": {
        "TorsoDamageMultiplier": 1,
        "LimbsDamageMultiplier": 0.75,
        "HeadDamageMultiplier": 5,
        "CriticalDamageMultiplier": 25,
        "DefaultResists": {"BluntAttack": 10, "SlashingAttack": 7, "PiercingAttack": 1}
      }
    }
  }
]
